time,first_name,last_name,email,gender,address
5/8/2020,Ewan,,ejukubczak0@cargocollective.com,Polygender,
12/12/2019,Ofilia,McPharlain,omcpharlain1@scribd.com,Non-binary,973 Michigan Terrace
1/18/2021,Arch,Pidgin,apidgin2@i2i.jp,Genderfluid,
7/20/2020,Aldus,Pickston,apickston3@mapy.cz,Agender,041 Tennyson Terrace
9/1/2020,Benita,Godsil,bgodsil4@flavors.me,Agender,08 Cody Crossing
7/3/2019,Zach,Stanyon,zstanyon5@instagram.com,Female,9652 Acker Drive
3/26/2020,Elianora,Dawtrey,edawtrey6@histats.com,Genderqueer,1 Brown Trail
10/22/2020,Gennifer,Newbery,gnewbery7@ustream.tv,Genderqueer,742 Golf Pass
2/20/2020,Morgun,Ligertwood,mligertwood8@hostgator.com,Non-binary,33 Nevada Pass
1/1/2021,Nana,Matveyev,nmatveyev9@etsy.com,Bigender,9833 Westport Junction
5/27/2019,Margaretha,Weinham,mweinhama@nymag.com,Polygender,85 Becker Road
9/11/2020,Sandy,Fratson,sfratsonb@cyberchimps.com,Genderfluid,35340 Brown Lane
9/13/2019,Petrina,Battershall,pbattershallc@wsj.com,Male,73 Fair Oaks Center
1/16/2021,Nessa,,nsleefordd@wiley.com,Polygender,9150 Dovetail Circle
5/16/2019,Collin,Boltwood,cboltwoode@aboutads.info,Bigender,13757 Charing Cross Way
2/15/2020,Magdalene,Abdon,mabdonf@engadget.com,Genderqueer,5 Basil Street
9/26/2019,Milzie,,motierneyg@yellowbook.com,Polygender,6507 2nd Lane
6/18/2020,Pernell,Mattiussi,pmattiussih@so-net.ne.jp,Female,64 Norway Maple Drive
11/28/2020,Fanya,,fmclellandi@usda.gov,Polygender,29 Golden Leaf Junction
6/14/2020,Dreddy,,,Female,321 Veith Point
8/20/2020,Zabrina,Ogg,zoggk@theatlantic.com,Genderfluid,1 Ramsey Court
11/24/2020,Kati,,kgioanl@clickbank.net,Female,
11/3/2019,Eduardo,Trayte,etraytem@slate.com,Female,05352 Dovetail Parkway
8/6/2019,Harlen,Caldero,hcalderon@nps.gov,Bigender,97 Caliangt Street
9/13/2019,Kelly,Beldom,kbeldomo@pinterest.com,Female,38924 American Plaza
12/9/2019,Abbott,Larway,alarwayp@whitehouse.gov,Male,
3/15/2020,Rachel,Fidelus,rfidelusq@home.pl,Genderqueer,59 Pine View Terrace
9/9/2020,August,Shawyers,ashawyersr@zdnet.com,Female,41828 Burrows Crossing
1/19/2020,Thelma,Leggen,tleggens@shop-pro.jp,Non-binary,102 Quincy Road
9/8/2020,Matthaeus,Iveson,mivesont@marriott.com,Male,11 Drewry Pass
8/15/2020,Amandi,,agoodieru@ocn.ne.jp,Polygender,9 Michigan Street
12/25/2020,Sherm,Ensor,sensorv@sphinn.com,Female,06540 Lien Center
11/23/2020,Nixie,,nrumensw@umich.edu,Female,47309 Menomonie Trail
10/3/2020,Jozef,,jlingex@msu.edu,Agender,58 Annamark Lane
11/26/2020,Elston,,eiversy@nature.com,Non-binary,
10/25/2020,Ramona,Clough,rcloughz@icio.us,Male,83438 Moulton Place
9/7/2020,Douglas,Quinton,dquinton10@myspace.com,Female,51244 Dottie Drive
8/6/2020,Ernestus,O'Brallaghan,eobrallaghan11@bizjournals.com,Genderfluid,366 Fulton Crossing
11/2/2020,Berrie,Robeson,brobeson12@house.gov,Bigender,81911 Carpenter Hill
11/7/2019,Connie,,cfurmston13@dot.gov,Genderqueer,76 Superior Alley
5/19/2020,Bartlet,Gorrie,bgorrie14@pbs.org,Genderfluid,7 Vermont Terrace
7/25/2019,Ginevra,Chaffe,gchaffe15@home.pl,Agender,01712 Spaight Terrace
12/7/2020,Dion,,dsampson16@skype.com,Male,
7/10/2019,Gerhardt,,gottiwill17@craigslist.org,Genderqueer,17531 Menomonie Lane
7/10/2020,Cornall,Southey,csouthey18@dagondesign.com,Genderqueer,82 Corscot Road
3/21/2020,Kendre,O'Dowd,kodowd19@angelfire.com,Female,7 Schiller Parkway
4/3/2020,Penelope,Artin,partin1a@tiny.cc,Polygender,
9/13/2019,Carmelina,Mucillo,cmucillo1b@diigo.com,Genderqueer,24 Canary Road
11/18/2019,Rosella,,rfiddiman1c@rediff.com,Female,65064 Luster Trail
12/3/2019,Shem,Coch,scoch1d@hexun.com,Polygender,149 Arizona Street
10/23/2019,Merrel,Pointin,,Agender,75 Talisman Center
1/23/2020,Eustacia,Reekie,ereekie1f@oakley.com,Genderqueer,64662 Service Junction
8/17/2019,Hersch,Ashton,hashton1g@sina.com.cn,Genderfluid,3671 Coleman Drive
1/31/2020,Ingra,Bowlands,ibowlands1h@nature.com,Genderfluid,3 Cottonwood Place
3/16/2020,Ninon,,nthorburn1i@apple.com,Male,6 Gulseth Court
7/5/2020,Dillon,,docridigan1j@usa.gov,Agender,1310 La Follette Junction
5/10/2019,Raddy,Jeans,rjeans1k@usa.gov,Agender,47627 Elka Alley
10/26/2020,Henri,Overnell,hovernell1l@bravesites.com,Genderqueer,026 Forest Lane
7/29/2019,Fern,Lister,flister1m@yahoo.co.jp,Female,29226 Victoria Junction
10/14/2020,Jewell,Broad,jbroad1n@fastcompany.com,Polygender,194 Scoville Drive
9/27/2020,Dalston,Loving,dloving1o@ask.com,Bigender,2 Eastwood Parkway
12/5/2019,Kathlin,Sandford,ksandford1p@senate.gov,Bigender,45 Havey Court
9/10/2020,Jewell,Pocklington,jpocklington1q@nps.gov,Genderfluid,87014 Burrows Hill
4/1/2020,Fanechka,Eronie,feronie1r@jimdo.com,Agender,788 Lerdahl Drive
4/29/2020,Lemar,Delamere,ldelamere1s@japanpost.jp,Male,9184 Erie Avenue
7/15/2020,Alla,Songhurst,asonghurst1t@twitter.com,Female,708 Dawn Way
7/20/2020,Alvie,Nockalls,anockalls1u@pcworld.com,Non-binary,7453 Northfield Point
11/11/2020,Elora,Lathan,elathan1v@uiuc.edu,Male,9 Warner Junction
5/8/2020,Thea,Goldney,tgoldney1w@forbes.com,Female,9915 East Parkway
2/2/2020,Salvador,Husher,shusher1x@adobe.com,Genderqueer,
6/12/2020,Kinsley,Bartram,kbartram1y@va.gov,Bigender,623 Drewry Alley
11/28/2020,Marthe,Duffree,mduffree1z@addthis.com,Genderqueer,939 7th Plaza
12/6/2019,Gibbie,Nobles,gnobles20@blogger.com,Genderfluid,9 Kings Crossing
6/29/2019,Engracia,Jahns,ejahns21@va.gov,Genderqueer,56830 Pearson Drive
2/29/2020,Berri,Brownsea,bbrownsea22@imgur.com,Genderqueer,783 Knutson Street
11/19/2020,Elyse,Anstice,eanstice23@ft.com,Genderqueer,64405 East Pass
8/23/2020,Amalea,Staley,astaley24@yandex.ru,Male,16 Texas Crossing
11/19/2019,Holli,Collabine,hcollabine25@npr.org,Genderqueer,7 Rieder Parkway
10/1/2019,Cly,Caitlin,ccaitlin26@opera.com,Non-binary,26586 Miller Center
7/31/2019,Merwyn,Rubenczyk,mrubenczyk27@rediff.com,Male,28 Ohio Avenue
4/21/2020,Cati,Karpushkin,ckarpushkin28@paginegialle.it,Bigender,882 Ruskin Crossing
5/18/2019,Ulrike,Hynard,uhynard29@state.gov,Non-binary,
10/30/2020,Kamillah,Gehringer,kgehringer2a@unesco.org,Male,
7/4/2020,Gerrard,Hrynczyk,ghrynczyk2b@booking.com,Non-binary,
11/28/2019,Lorie,,lbordis2c@intel.com,Non-binary,89835 Vermont Trail
9/12/2019,Gabie,Eidler,geidler2d@vimeo.com,Agender,2 Monterey Pass
2/28/2020,Marshall,Aleso,maleso2e@mit.edu,Genderqueer,787 Towne Parkway
8/30/2020,Carly,,cfilewood2f@biglobe.ne.jp,Non-binary,1222 Drewry Park
7/7/2020,Karolina,Asher,kasher2g@amazon.co.uk,Genderqueer,39940 Kingsford Street
1/19/2021,Izabel,Stonard,istonard2h@hhs.gov,Non-binary,
9/23/2020,Gabe,,,Polygender,1835 Sycamore Avenue
12/24/2020,Claudell,,ckenset2j@sakura.ne.jp,Genderfluid,11856 Coolidge Trail
10/1/2019,Moss,Stearn,mstearn2k@ifeng.com,Polygender,78 Summer Ridge Center
5/12/2019,Bram,,bwixey2l@theglobeandmail.com,Agender,10 Blue Bill Park Court
11/18/2020,Chariot,,cdixcey2m@flickr.com,Genderfluid,0 Crownhardt Terrace
7/14/2020,Barrie,Bastick,bbastick2n@dmoz.org,Agender,33883 Fremont Terrace
1/22/2021,Lara,Mussett,lmussett2o@imgur.com,Genderqueer,
7/16/2020,Gerek,Morcombe,gmorcombe2p@fastcompany.com,Male,1 Acker Park
9/29/2020,Sue,,sblundan2q@reddit.com,Polygender,00 Village Alley
6/19/2019,Tomasine,,tcayley2r@weather.com,Polygender,009 Killdeer Center
